round,status,report_path,next_round
R001,closed,/Users/hyeonwoo/Desktop/projects/kimbap/artifacts/console-review/R001/report.yaml,R002
R002,closed,/Users/hyeonwoo/Desktop/projects/kimbap/artifacts/console-review/R002/report.yaml,R003
R003,closed,/Users/hyeonwoo/Desktop/projects/kimbap/artifacts/console-review/R003/report.yaml,R004
R004,closed,/Users/hyeonwoo/Desktop/projects/kimbap/artifacts/console-review/R004/report.yaml,R005
R005,closed,/Users/hyeonwoo/Desktop/projects/kimbap/artifacts/console-review/R005/report.yaml,R006
R006,closed,/Users/hyeonwoo/Desktop/projects/kimbap/artifacts/console-review/R006/report.yaml,R007
R007,closed,/Users/hyeonwoo/Desktop/projects/kimbap/artifacts/console-review/R007/report.yaml,R008
R008,closed,/Users/hyeonwoo/Desktop/projects/kimbap/artifacts/console-review/R008/report.yaml,R009
R009,closed,/Users/hyeonwoo/Desktop/projects/kimbap/artifacts/console-review/R009/report.yaml,R010
R010,closed,/Users/hyeonwoo/Desktop/projects/kimbap/artifacts/console-review/R010/report.yaml,R011
R011,closed,/Users/hyeonwoo/Desktop/projects/kimbap/artifacts/console-review/R011/report.yaml,R012
R012,closed,/Users/hyeonwoo/Desktop/projects/kimbap/artifacts/console-review/R012/report.yaml,R013
R013,closed,/Users/hyeonwoo/Desktop/projects/kimbap/artifacts/console-review/R013/report.yaml,R014
R014,closed,/Users/hyeonwoo/Desktop/projects/kimbap/artifacts/console-review/R014/report.yaml,R015
R015,closed,/Users/hyeonwoo/Desktop/projects/kimbap/artifacts/console-review/R015/report.yaml,R016
R016,closed,/Users/hyeonwoo/Desktop/projects/kimbap/artifacts/console-review/R016/report.yaml,R017
R017,closed,/Users/hyeonwoo/Desktop/projects/kimbap/artifacts/console-review/R017/report.yaml,R018
R018,closed,/Users/hyeonwoo/Desktop/projects/kimbap/artifacts/console-review/R018/report.yaml,R019
R019,closed,/Users/hyeonwoo/Desktop/projects/kimbap/artifacts/console-review/R019/report.yaml,R020
R020,closed,/Users/hyeonwoo/Desktop/projects/kimbap/artifacts/console-review/R020/report.yaml,R021
R021,closed,/Users/hyeonwoo/Desktop/projects/kimbap/artifacts/console-review/R021/report.yaml,R022
R022,closed,/Users/hyeonwoo/Desktop/projects/kimbap/artifacts/console-review/R022/report.yaml,R023
R023,closed,/Users/hyeonwoo/Desktop/projects/kimbap/artifacts/console-review/R023/report.yaml,R024
R024,closed,/Users/hyeonwoo/Desktop/projects/kimbap/artifacts/console-review/R024/report.yaml,R025
R025,closed,/Users/hyeonwoo/Desktop/projects/kimbap/artifacts/console-review/R025/report.yaml,R026
R026,closed,/Users/hyeonwoo/Desktop/projects/kimbap/artifacts/console-review/R026/report.yaml,R027
R027,closed,/Users/hyeonwoo/Desktop/projects/kimbap/artifacts/console-review/R027/report.yaml,R028
R028,closed,/Users/hyeonwoo/Desktop/projects/kimbap/artifacts/console-review/R028/report.yaml,R029
R029,closed,/Users/hyeonwoo/Desktop/projects/kimbap/artifacts/console-review/R029/report.yaml,R030
R030,closed,/Users/hyeonwoo/Desktop/projects/kimbap/artifacts/console-review/R030/report.yaml,R031
R031,closed,/Users/hyeonwoo/Desktop/projects/kimbap/artifacts/console-review/R031/report.yaml,R032
R032,closed,/Users/hyeonwoo/Desktop/projects/kimbap/artifacts/console-review/R032/report.yaml,R033
R033,closed,/Users/hyeonwoo/Desktop/projects/kimbap/artifacts/console-review/R033/report.yaml,R034
R034,closed,/Users/hyeonwoo/Desktop/projects/kimbap/artifacts/console-review/R034/report.yaml,R035
R035,closed,/Users/hyeonwoo/Desktop/projects/kimbap/artifacts/console-review/R035/report.yaml,R036
R036,closed,/Users/hyeonwoo/Desktop/projects/kimbap/artifacts/console-review/R036/report.yaml,R037
R037,closed,/Users/hyeonwoo/Desktop/projects/kimbap/artifacts/console-review/R037/report.yaml,R038
R038,closed,/Users/hyeonwoo/Desktop/projects/kimbap/artifacts/console-review/R038/report.yaml,R039
R039,closed,/Users/hyeonwoo/Desktop/projects/kimbap/artifacts/console-review/R039/report.yaml,R040
R040,closed,/Users/hyeonwoo/Desktop/projects/kimbap/artifacts/console-review/R040/report.yaml,R041
R041,closed,/Users/hyeonwoo/Desktop/projects/kimbap/artifacts/console-review/R041/report.yaml,R042
R042,closed,/Users/hyeonwoo/Desktop/projects/kimbap/artifacts/console-review/R042/report.yaml,R043
R043,closed,/Users/hyeonwoo/Desktop/projects/kimbap/artifacts/console-review/R043/report.yaml,R044
R044,closed,/Users/hyeonwoo/Desktop/projects/kimbap/artifacts/console-review/R044/report.yaml,R045
R045,closed,/Users/hyeonwoo/Desktop/projects/kimbap/artifacts/console-review/R045/report.yaml,R046
R046,closed,/Users/hyeonwoo/Desktop/projects/kimbap/artifacts/console-review/R046/report.yaml,R047
R047,closed,/Users/hyeonwoo/Desktop/projects/kimbap/artifacts/console-review/R047/report.yaml,R048
R048,closed,/Users/hyeonwoo/Desktop/projects/kimbap/artifacts/console-review/R048/report.yaml,R049
R049,closed,/Users/hyeonwoo/Desktop/projects/kimbap/artifacts/console-review/R049/report.yaml,R050
R050,closed,/Users/hyeonwoo/Desktop/projects/kimbap/artifacts/console-review/R050/report.yaml,R051
R051,closed,/Users/hyeonwoo/Desktop/projects/kimbap/artifacts/console-review/R051/report.yaml,R052
R052,closed,/Users/hyeonwoo/Desktop/projects/kimbap/artifacts/console-review/R052/report.yaml,R053
R053,closed,/Users/hyeonwoo/Desktop/projects/kimbap/artifacts/console-review/R053/report.yaml,R054
R054,closed,/Users/hyeonwoo/Desktop/projects/kimbap/artifacts/console-review/R054/report.yaml,R055
R055,closed,/Users/hyeonwoo/Desktop/projects/kimbap/artifacts/console-review/R055/report.yaml,R056
R056,closed,/Users/hyeonwoo/Desktop/projects/kimbap/artifacts/console-review/R056/report.yaml,R057
R057,closed,/Users/hyeonwoo/Desktop/projects/kimbap/artifacts/console-review/R057/report.yaml,R058
R058,closed,/Users/hyeonwoo/Desktop/projects/kimbap/artifacts/console-review/R058/report.yaml,R059
R059,closed,/Users/hyeonwoo/Desktop/projects/kimbap/artifacts/console-review/R059/report.yaml,R060
R060,closed,/Users/hyeonwoo/Desktop/projects/kimbap/artifacts/console-review/R060/report.yaml,R061
R061,closed,/Users/hyeonwoo/Desktop/projects/kimbap/artifacts/console-review/R061/report.yaml,R062
R062,closed,/Users/hyeonwoo/Desktop/projects/kimbap/artifacts/console-review/R062/report.yaml,R063
R063,closed,/Users/hyeonwoo/Desktop/projects/kimbap/artifacts/console-review/R063/report.yaml,R064
R064,closed,/Users/hyeonwoo/Desktop/projects/kimbap/artifacts/console-review/R064/report.yaml,R065
R065,closed,/Users/hyeonwoo/Desktop/projects/kimbap/artifacts/console-review/R065/report.yaml,R066
R066,closed,/Users/hyeonwoo/Desktop/projects/kimbap/artifacts/console-review/R066/report.yaml,R067
R067,closed,/Users/hyeonwoo/Desktop/projects/kimbap/artifacts/console-review/R067/report.yaml,R068
R068,closed,/Users/hyeonwoo/Desktop/projects/kimbap/artifacts/console-review/R068/report.yaml,R069
R069,closed,/Users/hyeonwoo/Desktop/projects/kimbap/artifacts/console-review/R069/report.yaml,R070
R070,closed,/Users/hyeonwoo/Desktop/projects/kimbap/artifacts/console-review/R070/report.yaml,R071
R071,closed,/Users/hyeonwoo/Desktop/projects/kimbap/artifacts/console-review/R071/report.yaml,R072
R072,closed,/Users/hyeonwoo/Desktop/projects/kimbap/artifacts/console-review/R072/report.yaml,R073
R073,closed,/Users/hyeonwoo/Desktop/projects/kimbap/artifacts/console-review/R073/report.yaml,R074
R074,closed,/Users/hyeonwoo/Desktop/projects/kimbap/artifacts/console-review/R074/report.yaml,R075
R075,closed,/Users/hyeonwoo/Desktop/projects/kimbap/artifacts/console-review/R075/report.yaml,R076
R076,closed,/Users/hyeonwoo/Desktop/projects/kimbap/artifacts/console-review/R076/report.yaml,R077
R077,closed,/Users/hyeonwoo/Desktop/projects/kimbap/artifacts/console-review/R077/report.yaml,R078
R078,closed,/Users/hyeonwoo/Desktop/projects/kimbap/artifacts/console-review/R078/report.yaml,R079
R079,closed,/Users/hyeonwoo/Desktop/projects/kimbap/artifacts/console-review/R079/report.yaml,R080
R080,closed,/Users/hyeonwoo/Desktop/projects/kimbap/artifacts/console-review/R080/report.yaml,R081
R081,closed,/Users/hyeonwoo/Desktop/projects/kimbap/artifacts/console-review/R081/report.yaml,R082
R082,closed,/Users/hyeonwoo/Desktop/projects/kimbap/artifacts/console-review/R082/report.yaml,R083
R083,closed,/Users/hyeonwoo/Desktop/projects/kimbap/artifacts/console-review/R083/report.yaml,R084
R084,closed,/Users/hyeonwoo/Desktop/projects/kimbap/artifacts/console-review/R084/report.yaml,R085
R085,closed,/Users/hyeonwoo/Desktop/projects/kimbap/artifacts/console-review/R085/report.yaml,R086
R086,closed,/Users/hyeonwoo/Desktop/projects/kimbap/artifacts/console-review/R086/report.yaml,R087
R087,closed,/Users/hyeonwoo/Desktop/projects/kimbap/artifacts/console-review/R087/report.yaml,R088
R088,closed,/Users/hyeonwoo/Desktop/projects/kimbap/artifacts/console-review/R088/report.yaml,R089
R089,closed,/Users/hyeonwoo/Desktop/projects/kimbap/artifacts/console-review/R089/report.yaml,R090
R090,closed,/Users/hyeonwoo/Desktop/projects/kimbap/artifacts/console-review/R090/report.yaml,R091
R091,closed,/Users/hyeonwoo/Desktop/projects/kimbap/artifacts/console-review/R091/report.yaml,R092
R092,closed,/Users/hyeonwoo/Desktop/projects/kimbap/artifacts/console-review/R092/report.yaml,R093
R093,closed,/Users/hyeonwoo/Desktop/projects/kimbap/artifacts/console-review/R093/report.yaml,R094
R094,closed,/Users/hyeonwoo/Desktop/projects/kimbap/artifacts/console-review/R094/report.yaml,R095
R095,closed,/Users/hyeonwoo/Desktop/projects/kimbap/artifacts/console-review/R095/report.yaml,R096
R096,closed,/Users/hyeonwoo/Desktop/projects/kimbap/artifacts/console-review/R096/report.yaml,R097
R097,closed,/Users/hyeonwoo/Desktop/projects/kimbap/artifacts/console-review/R097/report.yaml,R098
R098,closed,/Users/hyeonwoo/Desktop/projects/kimbap/artifacts/console-review/R098/report.yaml,R099
R099,closed,/Users/hyeonwoo/Desktop/projects/kimbap/artifacts/console-review/R099/report.yaml,R100
R100,closed,/Users/hyeonwoo/Desktop/projects/kimbap/artifacts/console-review/R100/report.yaml,WRAPUP
WRAPUP,closed,/Users/hyeonwoo/Desktop/projects/kimbap/artifacts/console-review/WRAPUP/report.yaml,
